employee_id,name,role,hire_date,store_id,email,phone
1,David Hill,Manager,2022-01-16,201,qbrennan@gmail.com,8464-2924-42303
2,Ryan Bolton,Cashier,2021-12-03,201,barrettedward@hall.biz,7374-3471-45744
3,Lisa Taylor,Cashier,2023-08-20,201,lisaperez@yahoo.com,9708-3235-31788
4,Gregory Knox,Cashier,2023-10-27,201,amber76@yahoo.com,5268-1107-17290
5,Kari Harper,Cleaner,2020-12-05,201,ffoster@gmail.com,1894-9410-86551
6,Beth Craig,Cleaner,2020-04-23,201,ryan42@gmail.com,8812-5369-99085
7,Paul Thompson,Stock Associate,2021-12-25,201,brittany38@hotmail.com,7438-4602-47474
8,Mr. Joseph Brown,Stock Associate,2023-06-29,201,freemanchristopher@gmail.com,1546-2470-13577
9,Alison Villegas,Manager,2022-02-22,202,kcoffey@lewis-martinez.biz,4550-7934-75155
10,Cathy Reynolds,Cashier,2021-02-19,202,thompsonmatthew@jones.biz,1121-2715-76387
11,Connor Brooks,Cashier,2020-07-23,202,ashley28@gmail.com,3496-5825-97418
12,Monica Nguyen,Cashier,2021-11-20,202,megan73@hotmail.com,4346-6471-60178
13,Tammy Young,Cleaner,2022-12-14,202,haley80@yahoo.com,7044-5183-21320
14,Sarah Armstrong,Cleaner,2023-12-12,202,wesley12@sharp.org,8574-4079-21968
15,Kristen Stafford,Stock Associate,2020-12-12,202,josefloyd@delgado.com,1815-3069-18050
16,Tony Lang,Stock Associate,2021-06-15,202,qtaylor@lewis.net,4536-5818-23448
17,Matthew Barr,Manager,2021-04-25,203,jacobfloyd@velasquez.com,8610-8501-78880
18,Ryan Page,Cashier,2020-08-18,203,jacobbarnes@lyons.org,1570-7596-77219
19,Taylor Nelson,Cashier,2020-09-17,203,tmckinney@hoover-thomas.org,1005-6506-80168
20,Jeffery Lewis,Cashier,2020-05-12,203,qgarza@yahoo.com,2061-9979-12240
21,Linda Chavez,Cleaner,2022-11-29,203,ortizryan@hotmail.com,6584-1682-16576
22,Kristin Martinez,Cleaner,2022-09-21,203,powersjessica@ramirez.com,2139-3863-71778
23,Elizabeth Baker,Stock Associate,2023-02-22,203,stephenclark@gmail.com,9276-6912-61510
24,Wendy Scott,Stock Associate,2020-10-18,203,edward26@hotmail.com,4839-9167-34771
