schedule_id,employee_id,store_id,shift_date,shift_type,status
1,1,201,2024-02-27,Evening,Scheduled
2,1,201,2024-01-11,Evening,Completed
3,1,201,2024-01-16,Morning,Completed
4,1,201,2024-02-24,Morning,Absent
5,1,201,2024-04-23,Afternoon,Scheduled
6,2,201,2024-02-24,Morning,Scheduled
7,2,201,2024-03-11,Evening,Scheduled
8,2,201,2024-04-23,Evening,Scheduled
9,2,201,2024-03-11,Afternoon,Absent
10,2,201,2024-04-27,Morning,Absent
11,3,201,2024-04-14,Morning,Scheduled
12,3,201,2024-01-21,Afternoon,Completed
13,3,201,2024-01-01,Morning,Absent
14,3,201,2024-02-26,Morning,Completed
15,3,201,2024-04-17,Morning,Absent
16,4,201,2024-02-24,Evening,Scheduled
17,4,201,2024-02-19,Afternoon,Scheduled
18,4,201,2024-03-19,Afternoon,Absent
19,4,201,2024-03-20,Evening,Completed
20,4,201,2024-02-19,Afternoon,Scheduled
21,5,201,2024-03-16,Afternoon,Absent
22,5,201,2024-01-29,Afternoon,Scheduled
23,5,201,2024-03-30,Morning,Absent
24,5,201,2024-03-26,Morning,Absent
25,5,201,2024-02-13,Afternoon,Completed
26,6,201,2024-04-12,Evening,Scheduled
27,6,201,2024-02-29,Evening,Completed
28,6,201,2024-04-20,Morning,Scheduled
29,6,201,2024-04-19,Morning,Scheduled
30,6,201,2024-03-02,Afternoon,Completed
31,7,201,2024-03-05,Evening,Completed
32,7,201,2024-04-03,Evening,Scheduled
33,7,201,2024-02-19,Evening,Absent
34,7,201,2024-01-03,Morning,Completed
35,7,201,2024-04-23,Afternoon,Completed
36,8,201,2024-02-13,Evening,Completed
37,8,201,2024-04-06,Evening,Absent
38,8,201,2024-01-29,Afternoon,Completed
39,8,201,2024-04-09,Morning,Absent
40,8,201,2024-03-20,Afternoon,Completed
41,9,202,2024-02-22,Afternoon,Scheduled
42,9,202,2024-02-08,Morning,Scheduled
43,9,202,2024-02-07,Afternoon,Completed
44,9,202,2024-04-11,Afternoon,Absent
45,9,202,2024-02-13,Evening,Absent
46,10,202,2024-04-22,Afternoon,Scheduled
47,10,202,2024-03-31,Afternoon,Completed
48,10,202,2024-03-14,Afternoon,Completed
49,10,202,2024-03-03,Evening,Completed
50,10,202,2024-02-08,Afternoon,Completed
51,11,202,2024-02-24,Afternoon,Absent
52,11,202,2024-03-31,Evening,Scheduled
53,11,202,2024-03-02,Afternoon,Absent
54,11,202,2024-01-27,Evening,Completed
55,11,202,2024-02-24,Afternoon,Scheduled
56,12,202,2024-03-28,Evening,Completed
57,12,202,2024-03-06,Afternoon,Scheduled
58,12,202,2024-01-20,Evening,Scheduled
59,12,202,2024-03-15,Evening,Scheduled
60,12,202,2024-04-16,Morning,Absent
61,13,202,2024-04-06,Afternoon,Completed
62,13,202,2024-03-01,Evening,Scheduled
63,13,202,2024-02-09,Evening,Scheduled
64,13,202,2024-01-24,Evening,Absent
65,13,202,2024-01-06,Afternoon,Absent
66,14,202,2024-03-26,Evening,Scheduled
67,14,202,2024-01-09,Evening,Absent
68,14,202,2024-01-02,Evening,Scheduled
69,14,202,2024-01-17,Afternoon,Scheduled
70,14,202,2024-02-14,Morning,Absent
71,15,202,2024-01-02,Morning,Scheduled
72,15,202,2024-04-17,Morning,Completed
73,15,202,2024-03-28,Afternoon,Absent
74,15,202,2024-01-18,Morning,Scheduled
75,15,202,2024-01-02,Evening,Completed
76,16,202,2024-02-26,Afternoon,Scheduled
77,16,202,2024-04-02,Afternoon,Absent
78,16,202,2024-04-01,Afternoon,Absent
79,16,202,2024-03-04,Afternoon,Scheduled
80,16,202,2024-04-23,Morning,Completed
81,17,203,2024-03-30,Morning,Completed
82,17,203,2024-01-07,Afternoon,Absent
83,17,203,2024-04-03,Afternoon,Completed
84,17,203,2024-04-14,Evening,Completed
85,17,203,2024-03-27,Afternoon,Scheduled
86,18,203,2024-03-20,Afternoon,Absent
87,18,203,2024-03-06,Morning,Completed
88,18,203,2024-02-11,Morning,Scheduled
89,18,203,2024-04-12,Morning,Absent
90,18,203,2024-04-17,Evening,Absent
91,19,203,2024-03-21,Evening,Completed
92,19,203,2024-03-16,Evening,Absent
93,19,203,2024-04-03,Afternoon,Completed
94,19,203,2024-04-06,Evening,Completed
95,19,203,2024-04-13,Evening,Completed
96,20,203,2024-04-11,Evening,Absent
97,20,203,2024-02-04,Afternoon,Scheduled
98,20,203,2024-03-30,Evening,Absent
99,20,203,2024-04-09,Evening,Scheduled
100,20,203,2024-04-02,Evening,Completed
101,21,203,2024-04-06,Afternoon,Absent
102,21,203,2024-02-25,Afternoon,Scheduled
103,21,203,2024-01-19,Morning,Completed
104,21,203,2024-01-11,Evening,Completed
105,21,203,2024-01-03,Morning,Scheduled
106,22,203,2024-04-15,Afternoon,Scheduled
107,22,203,2024-04-20,Evening,Completed
108,22,203,2024-02-04,Morning,Scheduled
109,22,203,2024-04-25,Morning,Completed
110,22,203,2024-01-16,Morning,Completed
111,23,203,2024-03-29,Afternoon,Absent
112,23,203,2024-03-14,Morning,Scheduled
113,23,203,2024-04-20,Morning,Absent
114,23,203,2024-03-28,Afternoon,Absent
115,23,203,2024-03-17,Afternoon,Absent
116,24,203,2024-03-16,Afternoon,Scheduled
117,24,203,2024-01-19,Evening,Absent
118,24,203,2024-03-31,Morning,Completed
119,24,203,2024-01-29,Afternoon,Completed
120,24,203,2024-02-20,Morning,Scheduled
