"vendor_id","vendor_name","contact_person","phone","email","region"
1,"Thompson and Sons","Angela Armstrong","204-375-8976","sarahmorrison@snyder-ortega.org","South"
2,"Jones Ltd","Chad Castro","741-151-1783","nicholasmccann@mccullough.com","Central"
3,"Brown-Cooper","Tina Bartlett","224-798-9795","ypatel@williams-novak.com","Central"
4,"Peterson-Snyder","Pamela Daniels","549-920-0282","kimberly95@smith.biz","East"
5,"Martinez Inc","Shawn Myers","212-656-2685","gomezsteven@rodriguez-wang.biz","Central"
6,"Smith, Garza and Henson","Nicole Gentry","356-346-4662","toddvasquez@allen.com","South"
7,"Keller Inc","Margaret Young","821-451-0840","zacharyvazquez@wu.com","South"
8,"Perry-Rodriguez","Rebecca Taylor","341-720-0257","fordbrenda@frederick.com","Central"
9,"Lam, Martinez and Lee","Erik Sanchez","521-690-7745","omarsalas@jefferson.info","South"
10,"Carr-Russo","Ryan Rowland","631-320-0372","connerwendy@mclaughlin.biz","East"
11,"Edwards Group","Sara Murphy","897-782-8658","blyons@payne-wiggins.com","Central"
12,"Foster-Vasquez","Faith Miller","690-778-8018","jessicaallen@lopez.com","South"
13,"Hall, Horn and Stephens","Julia Gilbert","460-849-2738","tbeck@collins.info","South"
14,"Fuller, Miller and Jenkins","Calvin Russell","459-076-3470","shawncox@young.org","North"
15,"Hernandez Group","James Melendez","630-289-1956","jacquelinerodriguez@harvey.com","South"
16,"Miller-Phillips","Jared Hess","696-910-7051","rjacobs@bates.com","West"
17,"Wilson, Silva and Hughes","Joseph Tucker","782-997-1978","zedwards@king.com","East"
18,"Saunders Inc","Jeff Hudson","153-049-0538","gbutler@matthews.net","North"
19,"Garcia LLC","Christopher Ellis","535-894-4949","cummingspaul@morgan.com","South"
20,"Snyder-Olson","Bridget Simpson","847-826-0055","debbiemiranda@thomas.com","West"
21,"Alvarez-Thomas","Derek Reid","933-018-7727","sara37@perez.com","Central"
22,"Foster PLC","Robert Chen","394-588-8741","lewisyvonne@taylor.com","North"
23,"Rhodes-Pace","Abigail Dennis","964-033-8910","eandrews@munoz.info","North"
24,"Torres-Davis","Jeremy Kramer","609-779-9641","williamblankenship@davis.com","West"
25,"Patel, Baker and Mcbride","Kari Williams","734-498-5275","johnsonalejandra@walsh.org","West"
26,"Velazquez, Riley and Davis","Hannah Herrera","451-433-4126","qbell@peterson.com","Central"
27,"Sanders-Barnes","Kevin Baker","868-849-2115","ccasey@garcia-carpenter.com","West"
28,"Wright, Bauer and Smith","Michael Orr","340-084-1463","ljones@herman-ewing.com","North"
29,"Hernandez, Mercer and Smith","Terry Black","442-238-4732","brandygonzalez@morgan.com","South"
30,"Wolfe Ltd","Brianna Cruz","426-263-1250","williamserika@rogers.biz","East"
31,"Carr Inc","Wendy Gibbs","461-465-1919","john37@mora.net","West"
32,"Morris, Burton and Alvarez","Jesse Nelson","315-941-9286","andersonmichelle@wells.org","North"
33,"Smith, Chapman and Lopez","Lauren Carr","594-748-2281","benjamin46@taylor-harris.com","Central"
34,"Mitchell, Price and Garcia","John Macias","113-997-2899","gomezjessica@hill.info","South"
35,"Smith, Campos and Andrews","Shawn Martinez","951-894-5646","djackson@boyer.biz","Central"
36,"Wong PLC","Sean Reilly","994-492-9174","sheltonjesse@mcintyre.com","Central"
37,"Chandler, Patel and Baker","Earl Davis","303-120-9551","ewerner@rich.com","East"
38,"Kennedy-Reese","Adrian Weaver","553-889-7940","singletonvictor@clark.com","East"
39,"Pena-Padilla","Nancy Eaton","439-074-4428","lee10@johnson.info","Central"
40,"Cummings, Wells and Elliott","Erica Taylor","186-530-3728","iharris@thompson-mcconnell.com","Central"
41,"Campbell-Garza","Tyler Bond","286-641-9490","nsmith@jacobs-davis.com","South"
42,"Thomas, Baldwin and Cobb","Andrew Durham","475-526-5846","glensmith@knapp.com","West"
43,"Kaufman, Schultz and Lester","Lorraine White","975-967-7243","karen21@thomas.biz","West"
44,"Lopez, Lopez and Graham","Kristina Merritt","756-721-1184","phillipsdiana@smith-smith.biz","East"
45,"Anthony LLC","Lori Dougherty","662-330-5928","williamnewman@livingston.com","Central"
46,"Hanson-Glenn","Katie Harris","808-336-7236","weaverjustin@hood-lane.com","Central"
47,"Williams-Thompson","Janice Page","606-023-7464","margaret01@sanchez.com","Central"
48,"Barnett, Powers and Cooper","Laura Mendez","849-345-9016","mark67@carroll-foley.com","Central"
49,"Smith, Bonilla and Wagner","Nicholas Hoffman","145-056-6013","josephmcmillan@smith-rogers.com","North"
50,"Williams, Harris and Robinson","Danielle Collins","403-790-7082","kristindavis@weeks.net","South"
